{
  "livros": [
    {
      "id": "fc88",
      "titulo": "Rosa e o Vento",
      "autor": "Thiago Galhardo",
      "ano_de_publicacao": "2005",
      "genero": "Suspense",
      "numero_de_paginas": "202"
    },
    {
      "id": "49e7",
      "titulo": "Até a Última Lágrima",
      "autor": "Joseph Pinger",
      "ano_de_publicacao": "1997",
      "genero": "Aventura",
      "numero_de_paginas": "87"
    },
    {
      "id": "4ad0",
      "titulo": "O Hospital",
      "autor": "Arthur Morgan",
      "ano_de_publicacao": "2010",
      "genero": "Terror",
      "numero_de_paginas": "152"
    }
  ]
}